"species","region","year","mean","lo95","hi95","naive","n_surveyed"
"LANO","Alaska",2017,0.6322,0.1333,1,1,1
"LANO","Alaska",2018,0.4876,0.2,0.8667,NA,0
"LANO","Alaska",2019,0.2984,0.1333,0.5333,0.1667,12
"LANO","Alaska",2020,0.3463,0.2667,0.4667,0.3077,13
"LANO","Alaska",2021,0.2481,0.1333,0.4,0.1818,11
"LANO","Alaska",2022,0.2453,0.1333,0.4,0.1667,12
"LANO","Alaska",2023,0.4127,0.2667,0.5333,0.3636,11
"LANO","Alaska",2024,0.5793,0.5333,0.6667,0.6154,13
"LANO","Alaska",2025,0.4234,0.2667,0.6,0.4444,9
