"species","region","n_sites","n_detections","psi_first","psi_last","slope","slope_lo","slope_hi","p_increase","equilibrium","n_never_detected_sites","psi_at_never_detected"
"LACI","Alaska",15,3,0.534,0.347,-0.0094,-0.0644,0.0561,0.303,0.317,12,0.307
"LACI","Kootenay Region",39,374,0.542,0.769,0.0234,0.0045,0.0427,0.99,0.783,3,0.137
"LACI","Northern Region",60,123,0.345,0.421,0.0046,-0.015,0.0222,0.718,0.233,30,0.167
"LACI","Okanagan Region",33,399,0.793,0.886,0.0045,-0.0106,0.0217,0.817,0.85,1,0.111
"LACI","South Coastal Region",53,497,0.905,0.849,-0.0093,-0.0233,0.0069,0.205,0.752,5,0.421
"LANO","Alaska",15,51,0.632,0.423,-0.0072,-0.0522,0.0456,0.229,0.246,6,0.163
"LANO","Kootenay Region",39,534,0.742,0.883,0.0157,0.003,0.0308,0.971,0.904,1,0.498
"LANO","Northern Region",60,614,0.786,0.764,0.0026,-0.0114,0.0192,0.322,0.788,5,0.33
"LANO","Okanagan Region",33,636,0.878,0.94,0.0069,-0.0025,0.0207,0.697,0.954,0,NA
"LANO","South Coastal Region",53,877,0.823,0.949,0.0154,0.006,0.0264,0.985,0.948,1,0.226
"MYCA","Alaska",15,87,0.665,0.604,0.0199,-0.0244,0.0789,0.35,0.358,2,0.405
"MYCA","Kootenay Region",39,438,0.774,0.769,0.0048,-0.009,0.0205,0.378,0.863,2,0.174
"MYCA","Northern Region",60,246,0.339,0.257,-0.0067,-0.0253,0.0113,0.17,0.307,33,0.094
"MYCA","Okanagan Region",33,456,0.647,0.848,0.0177,-0.001,0.0364,0.972,0.889,1,0.163
"MYCA","South Coastal Region",53,700,0.695,0.959,0.0323,0.0195,0.0459,1,0.868,0,NA
"MYEV","Alaska",15,127,0.614,0.79,0.0278,-0.0111,0.0733,0.666,0.724,1,0.127
"MYEV","Kootenay Region",39,498,0.705,0.94,0.0269,0.0124,0.0427,0.997,0.895,0,NA
"MYEV","Northern Region",60,488,0.768,0.738,0.0015,-0.0164,0.0214,0.344,0.775,3,0.446
"MYEV","Okanagan Region",33,378,0.801,0.99,0.019,0.004,0.0359,0.984,0.838,0,NA
"MYEV","South Coastal Region",53,452,0.498,0.833,0.0446,0.0261,0.0623,0.999,0.83,3,0.079
