"species","region","process","year","mean","lo95","hi95"
"MYYU","Alaska","Colonization",2020,0.4772,0,1
"MYYU","Alaska","Colonization",2021,0.4751,0,1
"MYYU","Alaska","Colonization",2022,0.4787,0,1
"MYYU","Alaska","Colonization",2023,0.491,0,1
"MYYU","Alaska","Colonization",2024,0.5484,0,1
"MYYU","Alaska","Colonization",2025,0.5104,0,1
"MYYU","Alaska","Persistence",2020,0.7603,0,1
"MYYU","Alaska","Persistence",2021,0.8385,0.1667,1
"MYYU","Alaska","Persistence",2022,0.8432,0.25,1
"MYYU","Alaska","Persistence",2023,0.8607,0.25,1
"MYYU","Alaska","Persistence",2024,0.8772,0.3333,1
"MYYU","Alaska","Persistence",2025,0.8537,0.3333,1
