"species","site","GRTS_Cell_ID","Quadrant","region","lat","long","year","surveyed","n_visits","detected","p_occupied","psi_expected","psi_expected_lo95","psi_expected_hi95"
"MYEV","AK_206_NW",206,"NW","Alaska",56.0204,-133.24865,2019,TRUE,3,1,1,0.6289,0.347,0.8735
"MYEV","AK_206_NW",206,"NW","Alaska",56.0204,-133.24865,2020,TRUE,4,1,1,0.5486,0.3562,0.7408
"MYEV","AK_206_NW",206,"NW","Alaska",56.0204,-133.24865,2021,FALSE,0,NA,NA,0.6273,0.4179,0.8127
"MYEV","AK_206_NW",206,"NW","Alaska",56.0204,-133.24865,2022,TRUE,3,0,0.4584,0.7628,0.5664,0.9108
"MYEV","AK_206_NW",206,"NW","Alaska",56.0204,-133.24865,2023,TRUE,3,1,1,0.7408,0.5416,0.8948
"MYEV","AK_206_NW",206,"NW","Alaska",56.0204,-133.24865,2024,TRUE,4,1,1,0.7884,0.5883,0.9256
"MYEV","AK_206_NW",206,"NW","Alaska",56.0204,-133.24865,2025,FALSE,0,NA,NA,0.7768,0.5716,0.9198
"MYEV","AK_231310_SE",231310,"SE","Alaska",56.22812,-132.07308,2019,TRUE,3,0,0.0596,0.5095,0.214,0.8174
"MYEV","AK_231310_SE",231310,"SE","Alaska",56.22812,-132.07308,2020,TRUE,2,0,0.1882,0.504,0.2956,0.7122
"MYEV","AK_231310_SE",231310,"SE","Alaska",56.22812,-132.07308,2021,TRUE,2,1,1,0.6137,0.3866,0.824
"MYEV","AK_231310_SE",231310,"SE","Alaska",56.22812,-132.07308,2022,FALSE,0,NA,NA,0.7615,0.5275,0.9283
"MYEV","AK_231310_SE",231310,"SE","Alaska",56.22812,-132.07308,2023,FALSE,0,NA,NA,0.7301,0.5019,0.8999
"MYEV","AK_231310_SE",231310,"SE","Alaska",56.22812,-132.07308,2024,FALSE,0,NA,NA,0.7852,0.5662,0.9339
"MYEV","AK_231310_SE",231310,"SE","Alaska",56.22812,-132.07308,2025,FALSE,0,NA,NA,0.7703,0.541,0.9247
"MYEV","AK_31438_NE",31438,"NE","Alaska",58.26295,-134.38522,2019,FALSE,0,NA,NA,0.548,0.263,0.8274
"MYEV","AK_31438_NE",31438,"NE","Alaska",58.26295,-134.38522,2020,FALSE,0,NA,NA,0.5225,0.3173,0.7221
"MYEV","AK_31438_NE",31438,"NE","Alaska",58.26295,-134.38522,2021,FALSE,0,NA,NA,0.6217,0.4075,0.8224
"MYEV","AK_31438_NE",31438,"NE","Alaska",58.26295,-134.38522,2022,FALSE,0,NA,NA,0.7653,0.5467,0.922
"MYEV","AK_31438_NE",31438,"NE","Alaska",58.26295,-134.38522,2023,FALSE,0,NA,NA,0.7423,0.5285,0.9019
"MYEV","AK_31438_NE",31438,"NE","Alaska",58.26295,-134.38522,2024,TRUE,4,1,1,0.7925,0.5826,0.9325
"MYEV","AK_31438_NE",31438,"NE","Alaska",58.26295,-134.38522,2025,TRUE,4,1,1,0.7807,0.5652,0.9274
"MYEV","AK_31438_NW",31438,"NW","Alaska",58.26963,-134.43333,2019,FALSE,0,NA,NA,0.7075,0.3943,0.9305
"MYEV","AK_31438_NW",31438,"NW","Alaska",58.26963,-134.43333,2020,TRUE,3,0,0.0382,0.604,0.3909,0.7978
"MYEV","AK_31438_NW",31438,"NW","Alaska",58.26963,-134.43333,2021,TRUE,3,0,0.0829,0.6945,0.4716,0.8696
"MYEV","AK_31438_NW",31438,"NW","Alaska",58.26963,-134.43333,2022,TRUE,4,1,1,0.8196,0.6278,0.9446
"MYEV","AK_31438_NW",31438,"NW","Alaska",58.26963,-134.43333,2023,TRUE,2,1,1,0.7807,0.5781,0.9268
"MYEV","AK_31438_NW",31438,"NW","Alaska",58.26963,-134.43333,2024,TRUE,4,1,1,0.8321,0.6407,0.9502
"MYEV","AK_31438_NW",31438,"NW","Alaska",58.26963,-134.43333,2025,TRUE,4,0,0.1076,0.8163,0.6201,0.9464
"MYEV","AK_31438_SE",31438,"SE","Alaska",58.24628,-134.33602,2019,FALSE,0,NA,NA,0.6056,0.3281,0.8592
"MYEV","AK_31438_SE",31438,"SE","Alaska",58.24628,-134.33602,2020,TRUE,4,1,1,0.6382,0.4001,0.8407
"MYEV","AK_31438_SE",31438,"SE","Alaska",58.24628,-134.33602,2021,TRUE,3,1,1,0.7375,0.4748,0.9276
"MYEV","AK_31438_SE",31438,"SE","Alaska",58.24628,-134.33602,2022,TRUE,3,1,1,0.8445,0.5847,0.9733
"MYEV","AK_31438_SE",31438,"SE","Alaska",58.24628,-134.33602,2023,TRUE,4,1,1,0.8265,0.5938,0.9579
"MYEV","AK_31438_SE",31438,"SE","Alaska",58.24628,-134.33602,2024,TRUE,4,1,1,0.8692,0.6356,0.9774
"MYEV","AK_31438_SE",31438,"SE","Alaska",58.24628,-134.33602,2025,TRUE,2,1,1,0.8609,0.632,0.9726
"MYEV","AK_315563_SE",315563,"SE","Alaska",58.36437,-134.50136,2019,TRUE,3,0,0.1427,0.6295,0.3494,0.8728
"MYEV","AK_315563_SE",315563,"SE","Alaska",58.36437,-134.50136,2020,FALSE,0,NA,NA,0.5083,0.3049,0.7217
"MYEV","AK_315563_SE",315563,"SE","Alaska",58.36437,-134.50136,2021,TRUE,3,1,1,0.5643,0.3443,0.7707
"MYEV","AK_315563_SE",315563,"SE","Alaska",58.36437,-134.50136,2022,TRUE,4,0,0.3516,0.6944,0.4638,0.8773
"MYEV","AK_315563_SE",315563,"SE","Alaska",58.36437,-134.50136,2023,TRUE,4,1,1,0.6735,0.4351,0.8663
"MYEV","AK_315563_SE",315563,"SE","Alaska",58.36437,-134.50136,2024,TRUE,4,1,1,0.7195,0.4778,0.8999
"MYEV","AK_315563_SE",315563,"SE","Alaska",58.36437,-134.50136,2025,TRUE,4,1,1,0.7075,0.4536,0.8947
"MYEV","AK_315563_SW",315563,"SW","Alaska",58.3602,-134.60811,2019,TRUE,2,1,1,0.5962,0.3202,0.8527
"MYEV","AK_315563_SW",315563,"SW","Alaska",58.3602,-134.60811,2020,TRUE,4,1,1,0.4858,0.2842,0.7029
"MYEV","AK_315563_SW",315563,"SW","Alaska",58.3602,-134.60811,2021,FALSE,0,NA,NA,0.5375,0.3184,0.7518
"MYEV","AK_315563_SW",315563,"SW","Alaska",58.3602,-134.60811,2022,FALSE,0,NA,NA,0.6653,0.4312,0.8586
"MYEV","AK_315563_SW",315563,"SW","Alaska",58.3602,-134.60811,2023,FALSE,0,NA,NA,0.6497,0.4094,0.8501
"MYEV","AK_315563_SW",315563,"SW","Alaska",58.3602,-134.60811,2024,FALSE,0,NA,NA,0.6943,0.4458,0.8854
"MYEV","AK_315563_SW",315563,"SW","Alaska",58.3602,-134.60811,2025,FALSE,0,NA,NA,0.6839,0.4193,0.8835
"MYEV","AK_34338_NW",34338,"NW","Alaska",59.51789,-139.66391,2019,TRUE,3,0,0.0789,0.6242,0.345,0.8702
"MYEV","AK_34338_NW",34338,"NW","Alaska",59.51789,-139.66391,2020,TRUE,4,0,0.0122,0.4974,0.2914,0.7108
"MYEV","AK_34338_NW",34338,"NW","Alaska",59.51789,-139.66391,2021,TRUE,3,0,0.0747,0.5982,0.3673,0.8063
"MYEV","AK_34338_NW",34338,"NW","Alaska",59.51789,-139.66391,2022,TRUE,4,1,1,0.7477,0.5304,0.9133
"MYEV","AK_34338_NW",34338,"NW","Alaska",59.51789,-139.66391,2023,TRUE,4,0,0.088,0.6908,0.4585,0.8785
"MYEV","AK_34338_NW",34338,"NW","Alaska",59.51789,-139.66391,2024,TRUE,4,1,1,0.7556,0.5332,0.9148
"MYEV","AK_34338_NW",34338,"NW","Alaska",59.51789,-139.66391,2025,FALSE,0,NA,NA,0.7305,0.4873,0.907
"MYEV","AK_34338_SE",34338,"SE","Alaska",59.51027,-139.53528,2019,TRUE,3,0,0.0489,0.61,0.3327,0.8613
"MYEV","AK_34338_SE",34338,"SE","Alaska",59.51027,-139.53528,2020,TRUE,3,0,0.0053,0.519,0.3099,0.7311
"MYEV","AK_34338_SE",34338,"SE","Alaska",59.51027,-139.53528,2021,TRUE,4,0,0.0029,0.568,0.3428,0.778
"MYEV","AK_34338_SE",34338,"SE","Alaska",59.51027,-139.53528,2022,TRUE,4,0,0.006,0.6863,0.4498,0.8751
"MYEV","AK_34338_SE",34338,"SE","Alaska",59.51027,-139.53528,2023,TRUE,4,0,4e-04,0.6784,0.4322,0.8704
"MYEV","AK_34338_SE",34338,"SE","Alaska",59.51027,-139.53528,2024,TRUE,4,0,0.0049,0.7192,0.4629,0.9026
"MYEV","AK_34338_SE",34338,"SE","Alaska",59.51027,-139.53528,2025,FALSE,0,NA,NA,0.7125,0.4446,0.9017
"MYEV","AK_34338_SW",34338,"SW","Alaska",59.49062,-139.64204,2019,TRUE,3,0,0.0513,0.5639,0.2869,0.8343
"MYEV","AK_34338_SW",34338,"SW","Alaska",59.49062,-139.64204,2020,TRUE,4,0,0.0087,0.4973,0.3042,0.7006
"MYEV","AK_34338_SW",34338,"SW","Alaska",59.49062,-139.64204,2021,TRUE,3,0,0.0796,0.577,0.371,0.7754
"MYEV","AK_34338_SW",34338,"SW","Alaska",59.49062,-139.64204,2022,TRUE,4,1,1,0.7206,0.5118,0.8888
"MYEV","AK_34338_SW",34338,"SW","Alaska",59.49062,-139.64204,2023,TRUE,4,0,0.012,0.7018,0.4878,0.8719
"MYEV","AK_34338_SW",34338,"SW","Alaska",59.49062,-139.64204,2024,TRUE,4,0,0.0122,0.751,0.5382,0.9062
"MYEV","AK_34338_SW",34338,"SW","Alaska",59.49062,-139.64204,2025,FALSE,0,NA,NA,0.7396,0.519,0.9013
"MYEV","AK_47310_NW",47310,"NW","Alaska",55.49629,-131.70515,2019,TRUE,4,1,1,0.6415,0.3616,0.8815
"MYEV","AK_47310_NW",47310,"NW","Alaska",55.49629,-131.70515,2020,TRUE,2,1,1,0.5511,0.355,0.7456
"MYEV","AK_47310_NW",47310,"NW","Alaska",55.49629,-131.70515,2021,TRUE,3,1,1,0.6266,0.4135,0.8117
"MYEV","AK_47310_NW",47310,"NW","Alaska",55.49629,-131.70515,2022,TRUE,4,1,1,0.761,0.5589,0.9102
"MYEV","AK_47310_NW",47310,"NW","Alaska",55.49629,-131.70515,2023,TRUE,4,1,1,0.738,0.5292,0.8967
"MYEV","AK_47310_NW",47310,"NW","Alaska",55.49629,-131.70515,2024,TRUE,4,1,1,0.7854,0.5792,0.9262
"MYEV","AK_47310_NW",47310,"NW","Alaska",55.49629,-131.70515,2025,TRUE,4,1,1,0.7735,0.5624,0.9194
"MYEV","AK_47310_SE",47310,"SE","Alaska",55.45411,-131.61887,2019,TRUE,4,1,1,0.5523,0.2698,0.8285
"MYEV","AK_47310_SE",47310,"SE","Alaska",55.45411,-131.61887,2020,TRUE,2,0,0.3133,0.5021,0.3054,0.7046
"MYEV","AK_47310_SE",47310,"SE","Alaska",55.45411,-131.61887,2021,FALSE,0,NA,NA,0.6139,0.3955,0.8101
"MYEV","AK_47310_SE",47310,"SE","Alaska",55.45411,-131.61887,2022,TRUE,4,1,1,0.7651,0.5578,0.9199
"MYEV","AK_47310_SE",47310,"SE","Alaska",55.45411,-131.61887,2023,FALSE,0,NA,NA,0.716,0.496,0.8873
"MYEV","AK_47310_SE",47310,"SE","Alaska",55.45411,-131.61887,2024,TRUE,4,1,1,0.7779,0.5709,0.9236
"MYEV","AK_47310_SE",47310,"SE","Alaska",55.45411,-131.61887,2025,TRUE,4,1,1,0.7566,0.536,0.9111
"MYEV","AK_47310_SW",47310,"SW","Alaska",55.44204,-131.62489,2019,TRUE,4,1,1,0.617,0.3401,0.8631
"MYEV","AK_47310_SW",47310,"SW","Alaska",55.44204,-131.62489,2020,TRUE,2,1,1,0.5349,0.3315,0.7303
"MYEV","AK_47310_SW",47310,"SW","Alaska",55.44204,-131.62489,2021,TRUE,3,0,0.0824,0.6575,0.4404,0.8402
"MYEV","AK_47310_SW",47310,"SW","Alaska",55.44204,-131.62489,2022,TRUE,4,0,0.0522,0.8001,0.6121,0.9356
"MYEV","AK_47310_SW",47310,"SW","Alaska",55.44204,-131.62489,2023,TRUE,2,0,0.2031,0.7341,0.5195,0.8997
"MYEV","AK_47310_SW",47310,"SW","Alaska",55.44204,-131.62489,2024,TRUE,4,1,1,0.8041,0.6155,0.935
"MYEV","AK_47310_SW",47310,"SW","Alaska",55.44204,-131.62489,2025,TRUE,4,1,1,0.7778,0.573,0.9241
"MYEV","AK_5006_NW",5006,"NW","Alaska",56.67385,-132.77744,2019,TRUE,2,1,1,0.5138,0.2126,0.8213
"MYEV","AK_5006_NW",5006,"NW","Alaska",56.67385,-132.77744,2020,TRUE,2,0,0.4707,0.5206,0.3055,0.7293
"MYEV","AK_5006_NW",5006,"NW","Alaska",56.67385,-132.77744,2021,TRUE,2,1,1,0.6392,0.4047,0.8409
"MYEV","AK_5006_NW",5006,"NW","Alaska",56.67385,-132.77744,2022,TRUE,4,1,1,0.7841,0.5557,0.9387
"MYEV","AK_5006_NW",5006,"NW","Alaska",56.67385,-132.77744,2023,TRUE,4,1,1,0.7439,0.5159,0.9084
"MYEV","AK_5006_NW",5006,"NW","Alaska",56.67385,-132.77744,2024,TRUE,4,1,1,0.8022,0.5934,0.9416
"MYEV","AK_5006_NW",5006,"NW","Alaska",56.67385,-132.77744,2025,TRUE,4,1,1,0.785,0.5665,0.932
"MYEV","AK_5006_SE",5006,"SE","Alaska",56.65803,-132.67407,2019,TRUE,3,1,1,0.7251,0.3838,0.9493
"MYEV","AK_5006_SE",5006,"SE","Alaska",56.65803,-132.67407,2020,TRUE,2,1,1,0.5941,0.3653,0.8022
"MYEV","AK_5006_SE",5006,"SE","Alaska",56.65803,-132.67407,2021,TRUE,2,1,1,0.6858,0.451,0.8747
"MYEV","AK_5006_SE",5006,"SE","Alaska",56.65803,-132.67407,2022,TRUE,4,1,1,0.8114,0.608,0.9468
"MYEV","AK_5006_SE",5006,"SE","Alaska",56.65803,-132.67407,2023,TRUE,3,1,1,0.7657,0.5492,0.9242
"MYEV","AK_5006_SE",5006,"SE","Alaska",56.65803,-132.67407,2024,TRUE,4,1,1,0.821,0.617,0.951
"MYEV","AK_5006_SE",5006,"SE","Alaska",56.65803,-132.67407,2025,TRUE,4,1,1,0.8025,0.5844,0.9454
