"species","site","GRTS_Cell_ID","Quadrant","region","lat","long","n_years_surveyed","n_years_detected","ever_detected","mean_p_occupied","mean_psi_expected","mean_psi_expected_lo95","mean_psi_expected_hi95"
"MYVO","AK_206_NW",206,"NW","Alaska",56.0204,-133.24865,5,2,TRUE,0.4083,0.2091,0.0882,0.3748
"MYVO","AK_231310_SE",231310,"SE","Alaska",56.22812,-132.07308,3,0,FALSE,0.0046,0.1581,0.0535,0.3176
"MYVO","AK_31438_NE",31438,"NE","Alaska",58.26295,-134.38522,2,0,FALSE,4e-04,0.1538,0.0548,0.3033
"MYVO","AK_31438_NW",31438,"NW","Alaska",58.26963,-134.43333,6,0,FALSE,4e-04,0.2486,0.1013,0.452
"MYVO","AK_31438_SE",31438,"SE","Alaska",58.24628,-134.33602,6,0,FALSE,0.0016,0.1621,0.0488,0.3488
"MYVO","AK_315563_SE",315563,"SE","Alaska",58.36437,-134.50136,6,0,FALSE,1e-04,0.2065,0.0833,0.3742
"MYVO","AK_315563_SW",315563,"SW","Alaska",58.3602,-134.60811,2,0,FALSE,0.0026,0.1882,0.0741,0.3524
"MYVO","AK_34338_NW",34338,"NW","Alaska",59.51789,-139.66391,6,0,FALSE,4e-04,0.2945,0.1221,0.5128
"MYVO","AK_34338_SE",34338,"SE","Alaska",59.51027,-139.53528,6,0,FALSE,1e-04,0.1699,0.0628,0.3339
"MYVO","AK_34338_SW",34338,"SW","Alaska",59.49062,-139.64204,6,0,FALSE,4e-04,0.184,0.0721,0.341
"MYVO","AK_47310_NW",47310,"NW","Alaska",55.49629,-131.70515,7,5,TRUE,0.7309,0.2055,0.0862,0.3708
"MYVO","AK_47310_SE",47310,"SE","Alaska",55.45411,-131.61887,5,3,TRUE,0.6202,0.2097,0.081,0.3937
"MYVO","AK_47310_SW",47310,"SW","Alaska",55.44204,-131.62489,7,2,TRUE,0.3064,0.2682,0.111,0.4729
"MYVO","AK_5006_NW",5006,"NW","Alaska",56.67385,-132.77744,7,0,FALSE,0.002,0.1542,0.05,0.3107
"MYVO","AK_5006_SE",5006,"SE","Alaska",56.65803,-132.67407,7,0,FALSE,0.001,0.317,0.1304,0.547
