"site","GRTS_Cell_ID","Quadrant","region","lat","long","elevation_m","dist_water_m","dist_road_m","pct_clutter_raw","clutter_imputed","pct_clutter","log_dist_water","log_dist_road","region_idx","elevation_std","dist_water_std","dist_road_std","clutter_std"
"110378_NE",110378,"NE","Okanagan Region",49.04717,-119.5574,863,95.39740161,59.08890918,50,FALSE,50,4.56847924700012,4.09582528507739,4,0.791738690221602,0.270012973953326,-0.0253632710661975,0.789410966377851
"110378_NW",110378,"NW","Okanagan Region",49.03536,-119.57546,873,11.02583849,74.45564104,50,FALSE,50,2.48705754245901,4.32354494769409,4,0.815769731158321,-1.0104418678805,0.0995407980082309,0.789410966377851
"110378_SE",110378,"SE","Okanagan Region",49.01485,-119.53228,972,27.63173069,146.8517314,0,FALSE,0,3.35451556751002,4.99620995674734,4,1.05367703643184,-0.476796607123952,0.468497065505245,-1.49572604155803
"110378_SW",110378,"SW","Okanagan Region",49.00412,-119.59552,734,31.6508607,126.9696459,0,FALSE,0,3.48587121678387,4.8517930943909,4,0.481738262137931,-0.395988870398631,0.389284521695874,-1.49572604155803
"111466_NE",111466,"NE","Kootenay Region",49.00129,-115.06184,827,30.47492008,125.1789122,NA,TRUE,32.7272727272727,3.44919104076913,4.83770083788791,2,0.705226942849415,-0.418553883953992,0.381554929268773,0
"111466_NW",111466,"NW","Kootenay Region",49.01861,-115.09568,837,345.4216051,126.3439899,NA,TRUE,32.7272727272727,5.84765654512439,4.84689200675076,2,0.729257983786134,1.05694085184256,0.386596278695208,0
"114602_NE",114602,"NE","South Coastal Region",49.70588,-125.06708,96,146.3700363,52.41169014,75,FALSE,75,4.99294667754393,3.97802963848683,5,-1.05144214962472,0.531138038352719,-0.0899740974188558,1.93197947034579
"114602_NW",114602,"NW","South Coastal Region",49.67623,-125.13792,340,479.2777057,22.65928508,50,FALSE,50,6.17436449014603,3.16375564169473,5,-0.465084750768785,1.25792596175846,-0.536602791542753,0.789410966377851
"114602_SE",114602,"SE","South Coastal Region",49.65756,-125.0438,96,15.81358935,223.3542329,25,FALSE,25,2.82218744931506,5.4132261996387,5,-1.05144214962472,-0.804275711862748,0.697230170976839,-0.353157537590091
"114602_SW",114602,"SW","South Coastal Region",49.64146,-125.08654,137,46.31113674,43.4403327,0,FALSE,0,3.85674571683274,3.79414745124206,5,-0.952914881784175,-0.167833255289884,-0.190833343182969,-1.49572604155803
"115322_NE",115322,"NE","Northern Region",52.37764,-125.98565,407,168.0085464,113.5281585,25,FALSE,25,5.12994928405863,4.7408207185237,3,-0.30407677649277,0.615419686071138,0.328416254364913,-0.353157537590091
"115322_NW",115322,"NW","Northern Region",52.37481,-126.08159,172,0,222.5705324,25,FALSE,25,0,5.4097269454764,3,-0.868806238505659,-2.5404369021463,0.695310832617672,-0.353157537590091
"115322_SE",115322,"SE","Northern Region",52.35752,-126.01253,233,17.96078276,195.2983499,75,FALSE,75,2.94237278078481,5.27963569523588,3,-0.722216888791675,-0.730339762572851,0.623955876619114,1.93197947034579
"115322_SW",115322,"SW","Northern Region",52.34498,-126.07967,304,23.99244712,0,0,FALSE,0,3.21857366402221,0,3,-0.551596498140972,-0.560425728579398,-2.27192045653506,-1.49572604155803
"1194_NW",1194,"NW","Kootenay Region",50.11749,-117.523,658,79.9524396,25.09136193,0,FALSE,0,4.39386181679121,3.26160429901272,2,0.299102351018869,0.162591333498747,-0.482932874276722,-1.49572604155803
"1194_SW",1194,"SW","Kootenay Region",50.0903,-117.4679,541,6.774876294,175.9619886,50,FALSE,50,2.05089754719917,5.17593495583864,2,0.0179391720592606,-1.2787599970353,0.567076096595271,0.789410966377851
"12522_NE",12522,"NE","South Coastal Region",49.72155,-124.51563,109,85.75325801,10.65406567,25,FALSE,25,4.46306797443299,2.45565510368012,5,-1.02020179640699,0.205165771655029,-0.924995420863862,-0.353157537590091
"12522_NW",12522,"NW","South Coastal Region",49.75757,-124.56308,20,608.7345489,16.40554644,25,FALSE,25,6.41302369671756,2.85678891634656,5,-1.23407806074378,1.4047450018098,-0.704973816801893,-0.353157537590091
"12522_SE",12522,"SE","South Coastal Region",49.70213,-124.47636,198,45.76515131,502.9350846,50,FALSE,50,3.84513829542068,6.22244745937906,5,-0.806325532070191,-0.174973941348768,1.14108744250826,0.789410966377851
"12522_SW",12522,"SW","South Coastal Region",49.7022,-124.52268,108,247.8560367,44.71875917,50,FALSE,50,5.51687456339892,3.82250869879454,5,-1.02260490050066,0.853449464601003,-0.175277219558742,0.789410966377851
"127850_NE",127850,"NE","Kootenay Region",49.31307,-115.01912,1223,148.2312975,0,25,FALSE,25,5.00549743453803,0,2,1.65685616394348,0.538859048240674,-2.27192045653506,-0.353157537590091
"127850_NW",127850,"NW","Kootenay Region",49.3096,-115.05201,936,153.4790765,16.97560087,75,FALSE,75,5.04005865998225,2.88901533114298,2,0.967165289059649,0.560120519841173,-0.687297651759751,1.93197947034579
"127850_SE",127850,"SE","Kootenay Region",49.28498,-114.95395,997,25.04125596,22.95064848,75,FALSE,75,3.25968204812809,3.17599539989955,2,1.11375463877363,-0.53513655755101,-0.529889293082839,1.93197947034579
"127850_SW",127850,"SW","Kootenay Region",49.2671,-115.02532,994,306.9614549,91.03036211,50,FALSE,50,5.72997462871353,4.52211854553823,2,1.10654532649262,0.984544960449769,0.208458271784883,0.789410966377851
"128058_NE",128058,"NE","South Coastal Region",48.84117,-123.42727,19,1854.849773,262.5846059,50,FALSE,50,7.52609796879867,5.57437440145414,5,-1.23648116483746,2.08948915427896,0.785619842292379,0.789410966377851
"128058_NW",128058,"NW","South Coastal Region",48.82144,-123.48643,107,39.76336759,10.19310803,25,FALSE,25,3.70778382491224,2.4152982344285,5,-1.02500800459433,-0.259472049745704,-0.947131134252464,-0.353157537590091
"128058_SW",128058,"SW","South Coastal Region",48.79828,-123.47632,92,149.6699877,37.26337061,0,FALSE,0,5.01509193317783,3.6444930576226,5,-1.06105456599941,0.544761418823005,-0.27291866907509,-1.49572604155803
"132650_SE",132650,"SE","Okanagan Region",51.81828,-122.42144,649,97.87224269,2.612746212,0,FALSE,0,4.59382853887217,1.284468206687,4,0.277474414175822,0.285607422422763,-1.56739058077293,-1.49572604155803
"132650_SW",132650,"SW","Okanagan Region",51.80225,-122.46284,818,152.0501413,283.6490766,0,FALSE,0,5.0307655886187,5.65125711140799,4,0.683599006006368,0.554403582136046,0.827789952700755,-1.49572604155803
"137274_NE",137274,"NE","South Coastal Region",48.79,-123.6988,13,13.296498,272.7763532,25,FALSE,25,2.66001461216926,5.61231154389456,5,-1.25089978939949,-0.904041652654186,0.806428337287562,-0.353157537590091
"137274_NW",137274,"NW","South Coastal Region",48.7891,-123.719,24,51.93202663,30.68065013,75,FALSE,75,3.96900857400899,3.45570608851596,5,-1.2244656443691,-0.0987710759555305,-0.376468184117796,1.93197947034579
"137274_SE",137274,"SE","South Coastal Region",48.7539,-123.6447,1,9.75231622,150.1173134,25,FALSE,25,2.37512119369058,5.0180564451104,5,-1.27973703852355,-1.07930318485678,0.480479848459418,-0.353157537590091
"143274_NE",143274,"NE","South Coastal Region",50.3377,-122.8012,323,81.21448062,38.42501215,50,FALSE,50,4.40933144980755,3.67440044102914,5,-0.505937520361207,0.172107985724458,-0.256514491061118,0.789410966377851
"143274_NW",143274,"NW","South Coastal Region",50.3446,-122.8479,223,137.7836763,178.6150573,25,FALSE,25,4.93291643524881,5.19081599032717,5,-0.746247929728394,0.49420846553451,0.575238333172893,-0.353157537590091
"143274_SE",143274,"SE","South Coastal Region",50.3004,-122.758,207,92.54758873,223.1309803,25,FALSE,25,4.53847027718748,5.41223061444717,5,-0.784697595227144,0.251551971739697,0.696684093224469,-0.353157537590091
"143274_SW",143274,"SW","South Coastal Region",50.2961,-122.8048,372,139.3411572,75.42217677,25,FALSE,25,4.94407629547919,4.33627292591039,5,-0.388185419771285,0.501073819650403,0.106522084788821,-0.353157537590091
"145578_NE",145578,"NE","Kootenay Region",49.93178,-115.65558,919,126.2533846,21.30862256,50,FALSE,50,4.84618025311227,3.10497326561504,2,0.926312519467227,0.440849857744173,-0.568844882005424,0.789410966377851
"145578_NW",145578,"NW","Kootenay Region",49.93544,-115.67497,942,409.4407759,5.725196149,75,FALSE,75,6.01723164540251,1.9058610922001,2,0.98158391362168,1.16126053762841,-1.22655703569111,1.93197947034579
"145578_SE",145578,"SE","Kootenay Region",49.89983,-115.64222,960,33.19864976,251.0418163,25,FALSE,25,3.53218616258742,5.5295950114437,2,1.02483978730777,-0.367496712142547,0.761058379488924,-0.353157537590091
"145578_SW",145578,"SW","Kootenay Region",49.89589,-115.695,869,8.075831165,132.1099931,0,FALSE,0,2.2056149643867,4.8911758022221,2,0.806157314783634,-1.18358050240354,0.410885908254953,-1.49572604155803
"16426_NE",16426,"NE","Northern Region",54.82137,-123.35579,872,140.2080734,10.56718789,0,FALSE,0,4.95023450047842,2.44817245980544,3,0.813366627064649,0.504862241473367,-0.929099645578772,-1.49572604155803
"16426_SE",16426,"SE","Northern Region",54.81895,-123.33997,858,29.74257352,38.53578979,25,FALSE,25,3.4256484535392,3.67720633230577,3,0.779723169753243,-0.433036878794529,-0.254975461739695,-0.353157537590091
"172090_NE",172090,"NE","South Coastal Region",49.37012,-122.94857,1076,8.208136904,8.836887061,25,FALSE,25,2.22008753924998,2.28613930542375,5,1.30359986217371,-1.17467722320882,-1.0179747127323,-0.353157537590091
"172090_NW",172090,"NW","South Coastal Region",49.34683,-123.00985,210,343.5195019,158.4996843,0,FALSE,0,5.84215069814029,5.0720419429126,5,-0.777488282946128,1.05355374945298,0.510090854680928,-1.49572604155803
"172090_SE",172090,"SE","South Coastal Region",49.32364,-122.97036,148,182.3708394,0,50,FALSE,50,5.21151054718052,0,5,-0.926480736753784,0.665594772668273,-2.27192045653506,0.789410966377851
"172090_SW",172090,"SW","South Coastal Region",49.31421,-123.01406,20,18.8651029,48.03775385,75,FALSE,75,2.98896456921791,3.89259048817279,5,-1.23407806074378,-0.70167729549148,-0.136837409132293,1.93197947034579
"175354_SE",175354,"SE","Northern Region",59.42418,-125.94917,437,331.3893882,0.515686475,25,FALSE,25,5.80630713768228,0.415868455145885,3,-0.231983653682614,1.03150340740221,-2.04381691180582,-0.353157537590091
"175354_SW",175354,"SW","Northern Region",59.40931,-126.09868,442,319.9034054,28.33861668,50,FALSE,50,5.77114016008817,3.37890462368241,3,-0.219968133214254,1.00986928749523,-0.418593731636868,0.789410966377851
"17706_NW",17706,"NW","Northern Region",51.97601,-120.10368,830,43.41187872,478.5496919,25,FALSE,25,3.79350697239481,6.17284752169643,3,0.712436255130431,-0.206736643454987,1.1138819128179,-0.353157537590091
"17706_SE",17706,"SE","Northern Region",51.9408,-120.01683,711,80.7652626,607.8433414,25,FALSE,25,4.40385249082232,6.41156099553779,3,0.426466867983478,0.168737424369428,1.24481607934117,-0.353157537590091
"17706_SW",17706,"SW","Northern Region",51.94316,-120.06784,739,259.8480092,25.19135337,0,FALSE,0,5.56393789746688,3.26542933225133,3,0.493753782606291,0.882402018448541,-0.480834846331498,-1.49572604155803
"186330_NE",186330,"NE","Northern Region",55.95727,-122.58949,928,2.964092982,128.6697782,NA,TRUE,32.7272727272727,1.37727707280212,4.86499105106346,3,0.947940456310274,-1.6931597297364,0.39652359131739,0
"186330_NW",186330,"NW","Northern Region",55.94606,-122.65922,724,12.77799178,41.31011083,NA,TRUE,32.7272727272727,2.62307252056755,3.74502608420385,3,0.457707221201213,-0.926767792174921,-0.217776377223459,0
"186490_NW",186490,"NW","Northern Region",54.754,-127.12678,473,218.3775156,1.325374156,25,FALSE,25,5.39079406127689,0.843880953403737,3,-0.145471906310427,0.775886907695416,-1.80905236827537,-0.353157537590091
"186490_SE",186490,"SE","Northern Region",54.72257,-126.99742,796,44.62239192,17.91979732,50,FALSE,50,3.82039864687151,2.94020885109278,3,0.630730715945587,-0.190193347729004,-0.659218043356607,0.789410966377851
"186490_SW",186490,"SW","Northern Region",54.72278,-127.05397,541,33.68538058,1.42213638,50,FALSE,50,3.54631828924355,0.884649952381291,3,0.0179391720592606,-0.358802870830731,-1.78669060203229,0.789410966377851
"194666_NE",194666,"NE","Okanagan Region",50.23014,-119.32344,504,105.6097686,5.710952334,25,FALSE,25,4.66917514543194,1.90374086848362,4,-0.0709756794065986,0.331959359166147,-1.22771997685523,-0.353157537590091
"194666_SW",194666,"SW","Okanagan Region",50.16915,-119.41081,822,390.7694405,53.61334226,50,FALSE,50,5.97067350476555,4.00027821663517,4,0.693211422381056,1.13261877009264,-0.0777707685103421,0.789410966377851
"20330_NE",20330,"NE","Kootenay Region",49.42454,-117.72865,927,100.6997202,86.80246394,50,FALSE,50,4.62202455182162,4.47508956334526,2,0.945537352216602,0.302953124748614,0.182662909307912,0.789410966377851
"20330_SE",20330,"SE","Kootenay Region",49.3813,-117.67793,595,272.073072,132.0632443,0,FALSE,0,5.60973942237327,4.89082453625008,2,0.147706793117542,0.910578328997148,0.410693239125161,-1.49572604155803
"206394_NE",206394,"NE","Northern Region",53.63655,-132.05056,34,11.90321836,518.8844868,NA,TRUE,32.7272727272727,2.55747676552267,6.25360664612933,3,-1.20043460343238,-0.96712117273577,1.15817823374446,0
"206394_NW",206394,"NW","Northern Region",53.6372,-132.16251,30,326.8325086,27.52119607,NA,TRUE,32.7272727272727,5.79250283344864,3.35064753260501,3,-1.21004701980706,1.02301123680768,-0.434092725510376,0
"206394_SE",206394,"SE","Northern Region",53.60877,-131.99988,26,3.659868242,46.92088743,NA,TRUE,32.7272727272727,1.5389871734889,3.8695514726257,3,-1.21965943618175,-1.59367845645762,-0.149474292378271,0
"206394_SW",206394,"SW","Northern Region",53.57324,-132.11579,65,185.5346578,102.9810837,NA,TRUE,32.7272727272727,5.22861705452689,4.64420899509784,3,-1.12593837652855,0.676118401835167,0.275424794437732,0
"20730_NE",20730,"NE","Northern Region",56.79525,-124.90059,685,0,36.55054456,NA,TRUE,32.7272727272727,0,3.62568788036864,3,0.36398616154801,-2.5404369021463,-0.283233295101214,0
"20730_NW",20730,"NW","Northern Region",56.79948,-124.97614,780,3.807193902,142.1663533,NA,TRUE,32.7272727272727,1.57011352552288,4.96400726392959,3,0.592281050446837,-1.57453005991522,0.450833911951129,0
"20730_SE",20730,"SE","Northern Region",56.78457,-124.88544,689,43.34764107,13.34699815,NA,TRUE,32.7272727272727,3.79205951838948,2.66354073216943,3,0.373598577922697,-0.207627092269569,-0.810970305061215,0
"20730_SW",20730,"SW","Northern Region",56.76456,-124.98588,699,45.59494222,23.28111781,NA,TRUE,32.7272727272727,3.84149199918963,3.1896990034347,3,0.397629618859416,-0.177217080090722,-0.522372876525506,0
"212266_NE",212266,"NE","Okanagan Region",50.751409,-120.480005,745,14.70106735,2.100222167,0,FALSE,0,2.75372869411988,1.13147377569735,4,0.508172407168322,-0.846390360885737,-1.65130791472972,-1.49572604155803
"212266_NW",212266,"NW","Okanagan Region",50.777508,-120.5598176,1109,117.5097793,35.93058285,50,FALSE,50,4.77499548290852,3.60904001130153,4,1.38290229726488,0.397058211162723,-0.292364639158225,0.789410966377851
"212266_SE",212266,"SE","Okanagan Region",50.714878,-120.492405,341,93.23434582,319.1928755,0,FALSE,0,4.54578472043781,5.76892355015892,4,-0.462681646675113,0.256051691452797,0.892329908647496,-1.49572604155803
"212266_SW",212266,"SW","Okanagan Region",50.732357,-120.521811,373,77.40513235,340.9439919,25,FALSE,25,4.36188938886167,5.83464695727716,4,-0.385782315677613,0.142922445613969,0.928379149578967,-0.353157537590091
"212906_NW",212906,"NW","South Coastal Region",49.36971,-124.79984,244,38.6586833,8.139235097,25,FALSE,25,3.6803099228431,2.21257669454613,5,-0.695782743761285,-0.276373521874946,-1.05832375121573,-0.353157537590091
"212906_SE",212906,"SE","South Coastal Region",49.35175,-124.74136,167,14.68077993,0,25,FALSE,25,2.75243575411892,0,5,-0.880821758974018,-0.847185755341757,-2.27192045653506,-0.353157537590091
"212906_SW",212906,"SW","South Coastal Region",49.33595,-124.7423,124,95.84206102,0.307920256,50,FALSE,50,4.57308141457779,0.268438284815627,5,-0.984155235001909,0.272844148311174,-2.12468225284394,0.789410966377851
"216746_NW",216746,"NW","South Coastal Region",49.10675,-125.78544,28,0,15.39195127,75,FALSE,75,0,2.79679043814057,5,-1.21485322799441,-2.5404369021463,-0.737882938395027,1.93197947034579
"216746_SE",216746,"SE","South Coastal Region",49.07768,-125.74644,34,979.9177913,900.7240168,0,FALSE,0,6.88848865513644,6.80430850517389,5,-1.20043460343238,1.69724286843697,1.46023780229958,-1.49572604155803
"218282_SE",218282,"SE","Kootenay Region",50.13833,-117.55672,771,65.5279403,190.9523269,25,FALSE,25,4.19762201430868,5.25724704380105,2,0.57065311360379,0.0418679814259526,0.611675717614986,-0.353157537590091
"218282_SW",218282,"SW","Kootenay Region",50.15094,-117.6221,805,13.82435646,143.5339704,25,FALSE,25,2.69627153483535,4.97351456919669,2,0.652358652788634,-0.881737017280925,0.45604866196502,-0.353157537590091
"219626_SW",219626,"SW","South Coastal Region",48.92819,-125.25,0,508.8744945,2123.009278,20,FALSE,20,6.23416460621777,7.66106075052555,5,-1.28214014261722,1.29471396488115,1.93016578481726,-0.58167123838368
"226090_NE",226090,"NE","Okanagan Region",50.10929,-120.45236,1139,134.2041627,970.4742271,0,FALSE,0,4.90678595233607,6.87881473948978,4,1.45499542007504,0.47813344176971,1.50110441755156,-1.49572604155803
"226090_NW",226090,"NW","Okanagan Region",50.0999,-120.50647,701,10.10072755,105.506205,25,FALSE,25,2.40701065121535,4.66820324636306,4,0.40243582704676,-1.05968533893831,0.288585623779313,-0.353157537590091
"226090_SE",226090,"SE","Okanagan Region",50.07156,-120.42266,1276,60.69429424,286.9005516,0,FALSE,0,4.1221914507843,5.66261511355933,4,1.78422068090808,-0.00453560419839523,0.834019808607605,-1.49572604155803
"230186_NE",230186,"NE","Okanagan Region",49.01457,-121.07198,500,323.4031373,854.5492247,0,FALSE,0,5.78198699327957,6.75174363077688,4,-0.0805880957812861,1.01654207275935,1.43140600698103,-1.49572604155803
"230186_SE",230186,"SE","Okanagan Region",48.97511,-121.08329,486,2764.610484,3357.489431,25,FALSE,25,7.92501667945936,8.11924657776137,4,-0.114231553092692,2.33489708552574,2.1814803773139,-0.353157537590091
"241002_NE",241002,"NE","Kootenay Region",51.03817,-118.1357,1775,481.2171058,120.0151514,50,FALSE,50,6.17839443960978,4.79591575593942,2,2.98336962365035,1.26040511737212,0.358635842256248,0.789410966377851
"241002_NW",241002,"NW","Kootenay Region",51.01597,-118.20292,599,20.1121689,4.30868177,50,FALSE,50,3.04984959935849,1.66934355019638,2,0.157319209492229,-0.664221871889135,-1.35628673520095,0.789410966377851
"243562_NE",243562,"NE","Kootenay Region",49.69966,-115.98498,1194,66.72129649,23.95045014,50,FALSE,50,4.21540070194287,3.21689186371815,2,1.58716614522699,0.0528051243475347,-0.507457612467294,0.789410966377851
"243562_SE",243562,"SE","Kootenay Region",49.65068,-115.94692,1069,262.696661,164.7084316,25,FALSE,25,5.57479943116303,5.11022980786938,2,1.28677813351801,0.889083847210411,0.531036870793709,-0.353157537590091
"252394_NW",252394,"NW","South Coastal Region",48.79865,-125.16568,15,64.95089095,1030.652136,30,FALSE,30,4.18891038854895,6.93891681169873,5,-1.24609358121214,0.0365087390581259,1.53407036037986,-0.124643836796503
"26170_NE",26170,"NE","Northern Region",53.62052,-132.20883,16,25.10931366,28.00604055,NA,TRUE,32.7272727272727,3.26229209588527,3.3675041031237,3,-1.24369047711847,-0.533530901051511,-0.424846908859188,0
"26170_NW",26170,"NW","Northern Region",53.60452,-132.28837,27,41.80874096,287.854097,NA,TRUE,32.7272727272727,3.75674230977343,5.66592170595912,3,-1.21725633208808,-0.229353631717976,0.835833472130372,0
"26170_SE",26170,"SE","Northern Region",53.58901,-132.17695,27,59.78159692,57.63109759,NA,TRUE,32.7272727272727,4.10728706091777,4.07126523142174,3,-1.21725633208808,-0.0137045285579039,-0.0388344426067972,0
"26170_SW",26170,"SW","Northern Region",53.56895,-132.23042,84,298.1485674,0,NA,TRUE,32.7272727272727,5.70094033092268,0,3,-1.08027939874878,0.966683559704102,-2.27192045653506,0
"265749_NE",265749,"NE","Okanagan Region",49.15892,-119.03758,1082,251.4468055,40.34556071,25,FALSE,25,5.53120055523397,3.72196505681878,4,1.31801848673574,0.86226256843731,-0.230425333946535,-0.353157537590091
"265749_NW",265749,"NW","Okanagan Region",49.16674,-119.10324,1093,12.23543978,862.9796911,75,FALSE,75,2.58289806368764,6.7615492628565,4,1.34445263176613,-0.951482427233105,1.43678438903429,1.93197947034579
"265749_SE",265749,"SE","Okanagan Region",49.11153,-118.97698,633,86.7224993,24.85330024,25,FALSE,25,4.47417841493587,3.25243826166426,4,0.239024748677073,0.212000723604355,-0.487960439085818,-0.353157537590091
"265749_SW",265749,"SW","Okanagan Region",49.11337,-119.05299,1034,43.11963323,43.98606548,50,FALSE,50,3.78690488134078,3.806352785817,4,1.20266949023949,-0.210798136346084,-0.184138726058968,0.789410966377851
"268521_NE",268521,"NE","Kootenay Region",49.49916,-115.03962,1072,9.7190457,19.85011793,25,FALSE,25,2.37202213115771,3.03735960434392,2,1.29398744579902,-1.08120967483751,-0.605930925962892,-0.353157537590091
"268521_NW",268521,"NW","Kootenay Region",49.48855,-115.09812,1054,214.0632386,29.45209714,75,FALSE,75,5.37093211790228,3.41615486337714,2,1.25073157211293,0.763668181664665,-0.398162002297355,1.93197947034579
"268521_SE",268521,"SE","Kootenay Region",49.44083,-115.05634,971,0,134.3862063,25,FALSE,25,0,4.90813148158116,2,1.05127393233816,-2.5404369021463,0.420186086032895,-0.353157537590091
"269777_NW",269777,"NW","Northern Region",57.04083,-122.86281,1580,320.942346,210.2364582,0,FALSE,0,5.77437247982366,5.35297816098732,3,2.51476432538433,1.01185775501559,0.664184165661182,-1.49572604155803
"269777_SW",269777,"SW","Northern Region",57.01497,-122.80521,938,202.9242637,9.924747747,0,FALSE,0,5.31774866853896,2.39103065119564,3,0.971971497246993,0.730950638125017,-0.960441885979199,-1.49572604155803
"271731_SW",271731,"SW","Kootenay Region",51.24146,-117.64962,1029,186.5836903,50.16803063,50,FALSE,50,5.23422509409338,3.93511493526769,2,1.19065396977113,0.679568371344201,-0.11351278087552,0.789410966377851
"273050_SE",273050,"SE","South Coastal Region",49.00511,-125.65145,38,274.258293,955.6048052,60,FALSE,60,5.61770990412258,6.86339035444077,5,-1.19082218705769,0.915481632314004,1.49264415358729,1.24643836796503
"283586_NE",283586,"NE","Northern Region",54.3558,-128.5366,122,329.2825247,31.72034293,25,FALSE,25,5.79994842364015,3.48799699242534,3,-0.988961443189253,1.02759163586388,-0.358756646844169,-0.353157537590091
"283586_NW",283586,"NW","Northern Region",54.3321,-128.6266,155,61.22537589,26.46143916,25,FALSE,25,4.13076288905502,3.31278280828916,3,-0.909659008098081,0.000737397236767602,-0.454861499216987,-0.353157537590091
"283586_SE",283586,"SE","Northern Region",54.31162,-128.54374,189,0,131.8702756,50,FALSE,50,0,4.88937328080894,3,-0.827953468913237,-2.5404369021463,0.409897226572789,0.789410966377851
"283586_SW",283586,"SW","Northern Region",54.2946,-128.581,218,379.0074483,10.58880777,25,FALSE,25,5.94019085331781,2.45003978493364,3,-0.758263450196753,1.11386636708222,-0.928075419106112,-0.353157537590091
"294832_NE",294832,"NE","Northern Region",56.3348,-120.97877,691,7.400784775,155.0558124,25,FALSE,25,2.12832512708061,5.05021371505934,3,0.378404786110041,-1.23112788128751,0.498118087603083,-0.353157537590091
"294832_NW",294832,"NW","Northern Region",56.33264,-121.00747,697,17.24280529,62.57763669,75,FALSE,75,2.90377077161422,4.15226178414066,3,0.392823410672072,-0.75408705483907,0.00559210756170443,1.93197947034579
"294832_SE",294832,"SE","Northern Region",56.30206,-120.94608,732,234.8457228,32.77851751,25,FALSE,25,5.46317787431037,3.51982502379731,3,0.476932053950588,0.820416184807736,-0.341298994820162,-0.353157537590091
"294832_SW",294832,"SW","Northern Region",56.30496,-121.00198,800,528.1203637,37.40220315,50,FALSE,50,6.27121593660095,3.64811483164579,3,0.640343132320275,1.31750730622184,-0.270932128661469,0.789410966377851
"317428_NE",317428,"NE","South Coastal Region",49.06292,-120.79944,1200,85.85631076,73.92988931,25,FALSE,25,4.46425515279917,4.3165528671297,5,1.60158476978902,0.205896103371945,0.0957056469116886,-0.353157537590091
"317428_NW",317428,"NW","South Coastal Region",49.06417,-120.90943,1377,91.32726374,0,25,FALSE,25,4.52533947969068,0,5,2.02693419436894,0.243474130908478,-2.27192045653506,-0.353157537590091
"317428_SE",317428,"SE","South Coastal Region",49.06053,-120.77309,1172,117.727419,49.45093444,50,FALSE,50,4.77683026904337,3.92100126872918,5,1.53429785516621,0.398186940043072,-0.121254116691509,0.789410966377851
"317428_SW",317428,"SW","South Coastal Region",49.04617,-120.85085,1305,9.914110384,1569.346758,50,FALSE,50,2.39005648269494,7.35905173892343,5,1.85391069962457,-1.07011525187901,1.76451406193664,0.789410966377851
"326072_NE",326072,"NE","South Coastal Region",49.09743,-122.51957,89,318.194469,82.77238143,0,FALSE,0,5.76580053773129,4.4281033759579,5,-1.06826387828042,1.00658444363802,0.156891019750647,-1.49572604155803
"326072_NW",326072,"NW","South Coastal Region",49.05235,-122.58989,101,246.147784,204.7560906,25,FALSE,25,5.50998647349792,5.32669144106316,5,-1.03942662915636,0.849212030137109,0.649765918930006,-0.353157537590091
"326072_SE",326072,"SE","South Coastal Region",49.0144,-122.52755,74,203.1593812,166.1118602,25,FALSE,25,5.31890096919572,5.11866340974331,5,-1.1043104396855,0.731659513674829,0.535662695278531,-0.353157537590091
"326072_SW",326072,"SW","South Coastal Region",49.01082,-122.58104,67,5.573251759,38.59297522,50,FALSE,50,1.88300865054094,3.67865170909002,5,-1.12113216834121,-1.38204235934908,-0.25418267362635,0.789410966377851
"37274_NE",37274,"NE","Northern Region",53.08874,-119.20318,983,21.07758439,1983.91636,25,FALSE,25,3.09456281279718,7.59333205621339,3,1.08011118146223,-0.636715071841547,1.89301664532058,-0.353157537590091
"37274_SE",37274,"SE","Northern Region",53.05051,-119.21418,850,40.95593941,4.174002065,75,FALSE,75,3.73662000596637,1.6436464828747,3,0.760498337003868,-0.24173252700978,-1.37038155790916,1.93197947034579
"37274_SW",37274,"SW","Northern Region",53.03564,-119.22895,826,590.5353293,46.67317126,0,FALSE,0,6.38272140995261,3.86436879228198,3,0.702823838755743,1.38610355605079,-0.152316988771743,-1.49572604155803
"38442_NW",38442,"NW","Okanagan Region",51.51999,-122.28978,362,43.43935725,101.0960898,0,FALSE,0,3.7941255013455,4.62591442668994,4,-0.412216460708004,-0.206356135080351,0.265390236991749,-1.49572604155803
"38442_SW",38442,"SW","Okanagan Region",51.50238,-122.28992,375,33.02032778,74.77469129,0,FALSE,0,3.52695822184194,4.3277643489006,4,-0.38097610749027,-0.370712851392837,0.10185513649659,-1.49572604155803
"42026_NE",42026,"NE","Northern Region",55.85527,-121.65345,750,19.25575937,28.89420393,NA,TRUE,32.7272727272727,3.00843916644808,3.39766461311061,3,0.520187927636681,-0.689696858148231,-0.408303891100263,0
"42026_NW",42026,"NW","Northern Region",55.83616,-121.71691,724,44.58286846,11.6056782,NA,TRUE,32.7272727272727,3.81953195426388,2.53414736323851,3,0.457707221201213,-0.190726522118123,-0.881942473669789,0
"42026_SE",42026,"SE","Northern Region",55.81797,-121.66405,697,13.09514105,33.14147852,NA,TRUE,32.7272727272727,2.64583013161072,3.53051302398567,3,0.392823410672072,-0.912767701186523,-0.335436634501978,0
"42026_SW",42026,"SW","Northern Region",55.81131,-121.70131,697,18.82554524,107.0243445,NA,TRUE,32.7272727272727,2.98697126979089,4.68235661375978,3,0.392823410672072,-0.702903539023475,0.296348735487112,0
"47210_NW",47210,"NW","Okanagan Region",49.84159,-119.9783,1288,85.78162076,63.2622927,NA,TRUE,32.7272727272727,4.4633948568494,4.16297303154487,4,1.81305793003215,0.205366864096747,0.0114672189608474,0
"47210_SE",47210,"SE","Okanagan Region",49.79638,-119.86985,991,144.5873707,173.4929794,NA,TRUE,32.7272727272727,4.98077639230268,5.16188450816837,4,1.0993360142116,0.523651088144761,0.559369436282463,0
"47210_SW",47210,"SW","Okanagan Region",49.79097,-119.95267,1213,61.83416828,57.49378855,NA,TRUE,32.7272727272727,4.14049900640753,4.06892056996798,4,1.63282512300676,0.00672688921597081,-0.0401204877063325,0
"47322_NE",47322,"NE","Northern Region",55.69808,-120.43213,928,204.4153275,70.76633477,25,FALSE,25,5.32503391739776,4.27341549102825,3,0.947940456310274,0.735432397950462,0.0720448275412782,-0.353157537590091
"47322_NW",47322,"NW","Northern Region",55.70016,-120.48989,717,187.5934676,20.44583014,25,FALSE,25,5.23959373333228,3.06553022740848,3,0.44088549254551,0.682871065888276,-0.590479359731443,-0.353157537590091
"47322_SE",47322,"SE","Northern Region",55.64597,-120.40102,896,357.4239087,60.37059615,25,FALSE,25,5.8817163884182,4.11693083038348,3,0.871041125312774,1.07789388176558,-0.0137868948390694,-0.353157537590091
"47322_SW",47322,"SW","Northern Region",55.65446,-120.49465,717,30.48034711,29.06339452,25,FALSE,25,3.44936344985436,3.40330830276633,3,0.44088549254551,-0.418447820849393,-0.405208331434958,-0.353157537590091
"57322_NE",57322,"NE","South Coastal Region",49.09454,-122.09881,2,464.2488735,255.1498998,25,FALSE,25,6.14257247424055,5.54576281920809,5,-1.27733393442988,1.23836806024864,0.769926410271074,-0.353157537590091
"57322_NW",57322,"NW","South Coastal Region",49.07915,-122.16077,3,20.44196016,119.9656,0,FALSE,0,3.06534975739669,4.79550620765588,5,-1.27493083033621,-0.654686441194862,0.358411205321042,-1.49572604155803
"57322_SE",57322,"SE","South Coastal Region",49.0141,-122.09198,216,1683.587828,14.10214245,50,FALSE,50,7.42927620040105,2.71483661786224,5,-0.763069658384097,2.0299260672461,-0.782834549122591,0.789410966377851
"57322_SW",57322,"SW","South Coastal Region",49.01663,-122.15131,6,5.178511394,6.897359252,25,FALSE,25,1.82107736769733,2.06652843169294,5,-1.26772151805519,-1.42014141962363,-1.13843111700925,-0.353157537590091
"58842_NW",58842,"NW","Northern Region",54.79952,-121.1886,822,139.8823112,0,NA,TRUE,32.7272727272727,4.94792486950483,0,3,0.693211422381056,0.503441396213355,-2.27192045653506,0
"58842_SE",58842,"SE","Northern Region",54.73781,-121.16052,984,248.484133,26.15032796,NA,TRUE,32.7272727272727,5.51939531797893,3.301389125865,3,1.0825142855559,0.855000189473339,-0.461110925727488,0
"58842_SW",58842,"SW","Northern Region",54.75716,-121.25541,1000,447.2227624,13.3980014,NA,TRUE,32.7272727272727,6.10529034633338,2.66708940528283,3,1.12096395105465,1.21543273623984,-0.809023860443362,0
"5994_NE",5994,"NE","Kootenay Region",49.26067,-115.24894,750,43.47252077,170.5546567,NA,TRUE,32.7272727272727,3.79487148764737,5.14490191379177,2,0.520187927636681,-0.205897217134949,0.550054495637007,0
"5994_SE",5994,"SE","Kootenay Region",49.21228,-115.26277,855,285.907538,358.1283794,NA,TRUE,32.7272727272727,5.65915999660522,5.88367992734916,2,0.772513857472227,0.940981016459973,0.95527369794788,0
"60586_NW",60586,"NW","Kootenay Region",50.93041,-116.39001,792,112.7669108,16.8182555,0,FALSE,0,4.73415171315494,2.88022352162768,2,0.6211182995709,0.371931826333728,-0.692119952874946,-1.49572604155803
"60586_SW",60586,"SW","Kootenay Region",50.90342,-116.39335,791,0,546.0778155,50,FALSE,50,0,6.3045910509879,2,0.618715195477228,-2.5404369021463,1.18614314267238,0.789410966377851
"6202_NE",6202,"NE","South Coastal Region",48.53741,-123.50119,242,41.41217816,213.9814332,75,FALSE,75,3.74743554175264,5.37055166718936,5,-0.700588951948628,-0.235078995371116,0.673823221012474,1.93197947034579
"6202_NW",6202,"NW","South Coastal Region",48.50788,-123.60088,517,36.30166114,169.2912513,0,FALSE,0,3.61903786024259,5.13751021406484,5,-0.0397353261888643,-0.31406704119148,0.546000153720893,-1.49572604155803
"6202_SE",6202,"SE","South Coastal Region",48.48934,-123.5079,138,41.40903074,36.32637853,50,FALSE,50,3.74736132870989,3.61970027589796,5,-0.950511777690503,-0.235124649958901,-0.286517491792011,0.789410966377851
"6202_SW",6202,"SW","South Coastal Region",48.48637,-123.54913,1,104.7169571,172.3843477,0,FALSE,0,4.66076530668849,5.15551079325944,5,-1.27973703852355,0.326785770981402,0.555873458297525,-1.49572604155803
"70250_NW",70250,"NW","Kootenay Region",51.24583,-116.91793,792,283.2080274,44.31165543,0,FALSE,0,5.64970646086579,3.81356429365498,2,0.6211182995709,0.935165363830047,-0.180183219262692,-1.49572604155803
"70250_SW",70250,"SW","Kootenay Region",51.20982,-116.89974,784,23.20427659,84.61069327,25,FALSE,25,3.18652933614479,4.44981019672417,2,0.601893466821525,-0.580138848075765,0.168797195129719,-0.353157537590091
"73002_NE",73002,"NE","Okanagan Region",50.85067,-121.87219,422,128.8855523,416.5205553,0,FALSE,0,4.86665369578195,6.03433377733044,4,-0.268030215087692,0.453444767626301,1.03790722492646,-1.49572604155803
"73002_SE",73002,"SE","Okanagan Region",50.82484,-121.86896,437,180.0881223,0,0,FALSE,0,5.19898377632214,0,4,-0.231983653682614,0.657888518638556,-2.27192045653506,-1.49572604155803
"73002_SW",73002,"SW","Okanagan Region",50.80422,-121.87782,558,204.7080236,10.65907876,50,FALSE,50,5.32645780221807,2.45608516922468,4,0.0587919416516824,0.736308347407699,-0.924759530225934,0.789410966377851
"73786_NW",73786,"NW","South Coastal Region",49.12334,-123.06198,3,158.12334,51.06386236,25,FALSE,25,5.06967962477288,3.9524710873638,5,-1.27493083033621,0.578342828037157,-0.103992944093009,-0.353157537590091
"73786_SE",73786,"SE","South Coastal Region",49.12604,-123.00163,5,897.2456563,61.38709258,50,FALSE,50,6.80044359024578,4.13335840429955,5,-1.27012462214886,1.64307905848301,-0.00477638251193834,0.789410966377851
"73786_SW",73786,"SW","South Coastal Region",49.10823,-123.07992,1,0,78.04461478,25,FALSE,25,0,4.37001243710975,5,-1.27973703852355,-2.5404369021463,0.125028182105834,-0.353157537590091
"77162_NE",77162,"NE","Kootenay Region",50.95478,-118.09975,1895,166.3295508,4.581611726,50,FALSE,50,5.11996522598725,1.71947757447199,2,3.27174211489097,0.609277665225117,-1.32878825940336,0.789410966377851
"77162_SW",77162,"SW","Kootenay Region",50.886,-118.10586,482,101.0608978,23.35804965,75,FALSE,75,4.62556967238334,3.19286237600753,2,-0.12384396946738,0.305134021958548,-0.520637768973504,1.93197947034579
"79018_NE",79018,"NE","Kootenay Region",50.2021,-116.91007,977,456.6173278,20.27728487,75,FALSE,75,6.12603330604447,3.05764006563757,2,1.0656925569002,1.22819344837139,-0.594807107715599,1.93197947034579
"79018_NW",79018,"NW","Kootenay Region",50.19383,-116.94752,556,233.767043,192.1737243,25,FALSE,25,5.45859371609205,5.26358990994124,2,0.0539857334643386,0.817596089498089,0.615154775072741,-0.353157537590091
"79018_SE",79018,"SE","Kootenay Region",50.18723,-116.90419,886,631.494074,4.838300826,50,FALSE,50,6.44967085138782,1.76443980005262,2,0.847010084376055,1.42728970120185,-1.30412651142283,0.789410966377851
"79018_SW",79018,"SW","Kootenay Region",50.17771,-116.95968,541,19.84198088,142.3206756,75,FALSE,75,3.03696926419144,4.96508460635252,2,0.0179391720592606,-0.672145632601873,0.45142483348537,1.93197947034579
"86074_NE",86074,"NE","South Coastal Region",49.23087,-122.3056,239,156.6030435,10.2141966,75,FALSE,75,5.06007948878554,2.41718052920466,5,-0.707798264229644,0.572436989455557,-0.946098696938801,1.93197947034579
"86074_NW",86074,"NW","South Coastal Region",49.18442,-122.40331,7,27.25116199,63.74469652,50,FALSE,50,3.34113458913592,4.17045179019806,5,-1.26531841396152,-0.48502835492893,0.0155693126345979,0.789410966377851
"86074_SE",86074,"SE","South Coastal Region",49.16962,-122.3193,134,3.373573597,42.98364063,75,FALSE,75,1.47558043167719,3.78381776091843,5,-0.96012419406519,-1.63268519371831,-0.196499170801338,1.93197947034579
"86074_SW",86074,"SW","South Coastal Region",49.14174,-122.38204,6,144.3960697,9.032089728,0,FALSE,0,4.97946153378497,2.30578892802919,5,-1.26772151805519,0.522842209794136,-1.00719690904598,-1.49572604155803
"89962_NE",89962,"NE","Kootenay Region",49.07682,-117.5986,688,320.1717112,122.3791354,NA,TRUE,32.7272727272727,5.77197590596488,4.8152620161382,2,0.371195473829025,1.01038342398763,0.369247251883479,0
"89962_SE",89962,"SE","Kootenay Region",49.00974,-117.57236,500,34.95590906,5.77013149,NA,TRUE,32.7272727272727,3.5822934395056,1.91252050918756,2,-0.0805880957812861,-0.336671576995257,-1.2229043503242,0
"89962_SW",89962,"SW","Kootenay Region",49.0077,-117.63034,448,254.9519106,839.6493372,NA,TRUE,32.7272727272727,5.54498957761494,6.73417461368711,2,-0.205549508652223,0.870745337898847,1.42176941390455,0
"93290_NE",93290,"NE","Okanagan Region",49.44361,-119.56535,608,24.16544127,298.1346592,0,FALSE,0,3.22547167514313,5.7008938372241,4,0.178947146335276,-0.556182190751604,0.855015660655539,-1.49572604155803
"93290_NW",93290,"NW","Okanagan Region",49.41531,-119.6018,391,83.4409487,53.9882049,0,FALSE,0,4.4360524581136,4.00711870586978,4,-0.34252644199152,0.188546290556924,-0.0740187651477645,-1.49572604155803
"93290_SE",93290,"SE","Okanagan Region",49.38433,-119.56165,338,9.000332569,70.89056188,50,FALSE,50,2.30261834934105,4.27514498879498,4,-0.469890958956129,-1.12390568798796,0.0729934558065609,0.789410966377851
"93290_SW",93290,"SW","Okanagan Region",49.37943,-119.59374,556,468.3811418,187.4207782,25,FALSE,25,6.15141510749271,5.2386776437468,4,0.0539857334643386,1.24380789617309,0.601490415211168,-0.353157537590091
"94522_NW",94522,"NW","Northern Region",53.10732,-131.86467,44,26.20107823,52.33997406,50,FALSE,50,3.3032566133251,3.97668603243954,3,-1.17640356249566,-0.508330234322236,-0.0907110643571152,0.789410966377851
"94522_SE",94522,"SE","Northern Region",53.08196,-131.77925,87,30.77737705,0,50,FALSE,50,3.45875462308944,0,3,-1.07307008646777,-0.412670532559797,-2.27192045653506,0.789410966377851
"9466_NE",9466,"NE","Northern Region",57.34435,-125.50932,744,11.86204347,189.7924742,NA,TRUE,32.7272727272727,2.55428060743018,5.25118631484005,3,0.50576930307465,-0.969087394235176,0.608351412194509,0
"9466_NW",9466,"NW","Northern Region",57.3459,-125.55037,790,0,111.4973928,NA,TRUE,32.7272727272727,0,4.72293004626482,3,0.616312091383556,-2.5404369021463,0.318603233662466,0
"9466_SE",9466,"SE","Northern Region",57.31575,-125.49037,799,262.3944415,0,NA,TRUE,32.7272727272727,5.57365268620117,0,3,0.637940028226603,0.888378389428564,-2.27192045653506,0
"9466_SW",9466,"SW","Northern Region",57.29483,-125.51474,762,20.16184696,66.38334684,NA,TRUE,32.7272727272727,3.05219988862518,4.21039790786386,3,0.549025176760744,-0.66277601434634,0.0374797290775714,0
"986_NE",986,"NE","Northern Region",53.188,-121.30225,910,0,2399.141215,50,FALSE,50,0,7.78328285418839,3,0.90468458262418,-2.5404369021463,1.99720451964984,0.789410966377851
"986_SE",986,"SE","Northern Region",53.1392,-121.2577,925,18.31636004,2449.977782,0,FALSE,0,2.96095240730745,7.80424231861554,3,0.940731144029258,-0.718909895819526,2.00870077062128,-1.49572604155803
"AK_206_NW",206,"NW","Alaska",56.0204,-133.24865,16,18.3,687.01,50,FALSE,50,2.96010509591084,6.53380337271143,1,-1.24369047711847,-0.719431147220895,1.31186593417966,0.789410966377851
"AK_231310_SE",231310,"SE","Alaska",56.22812,-132.07308,129,472.25,160.91,30,FALSE,30,6.15962379008943,5.08704062529866,1,-0.97213971453355,1.24885773655532,0.518317621044656,-0.124643836796503
"AK_31438_NE",31438,"NE","Alaska",58.26295,-134.38522,167,197.4,883.91,10,FALSE,10,5.29028519485077,6.7854859449214,1,-0.880821758974018,0.71405558135642,1.44991364171142,-1.03869863997086
"AK_31438_NW",31438,"NW","Alaska",58.26963,-134.43333,186,1.63,2148.5,70,FALSE,70,0.966983846189673,7.67299053593634,1,-0.835162781194253,-1.94556506760778,1.93670926342543,1.7034657695522
"AK_31438_SE",31438,"SE","Alaska",58.24628,-134.33602,16,34.47,1574.19,40,FALSE,40,3.56868726878553,7.36213117890456,1,-1.24369047711847,-0.345041859259209,1.76620313252323,0.332383564790674
"AK_315563_SE",315563,"SE","Alaska",58.36437,-134.50136,33,18.7,1217.53,70,FALSE,70,2.98061863574394,7.10540049319714,1,-1.20283770752605,-0.706811570253316,1.62538653841515,1.7034657695522
"AK_315563_SW",315563,"SW","Alaska",58.3602,-134.60811,7,43.29,1193.51,40,FALSE,40,3.79075891793511,7.08549133843446,1,-1.26531841396152,-0.208427199304806,1.61446638152963,0.332383564790674
"AK_34338_NW",34338,"NW","Alaska",59.51789,-139.66391,14,20.79,18.26,60,FALSE,60,3.08145114895653,2.95803040636998,1,-1.24849668530581,-0.644781141976508,-0.649442933268271,1.24643836796503
"AK_34338_SE",34338,"SE","Alaska",59.51027,-139.53528,10,30.35,5596.28,30,FALSE,30,3.44521426707893,8.63003604444013,1,-1.2581091016805,-0.421000326746137,2.46164802772853,-0.124643836796503
"AK_34338_SW",34338,"SW","Alaska",59.49062,-139.64204,6,97.35,328.21,30,FALSE,30,4.58853254483507,5.79669584501227,1,-1.26772151805519,0.282349417957672,0.907562992145237,-0.124643836796503
"AK_47310_NW",47310,"NW","Alaska",55.49629,-131.70515,75,14.57,1349.85,80,FALSE,80,2.74534598584591,7.20848930292853,1,-1.10190733559183,-0.851547258872183,1.68193067546301,2.16049317113938
"AK_47310_SE",47310,"SE","Alaska",55.45411,-131.61887,126,164.34,45.89,10,FALSE,10,5.10800395982453,3.8478044331015,1,-0.979349026814565,0.601919299960113,-0.161402527716772,-1.03869863997086
"AK_47310_SW",47310,"SW","Alaska",55.44204,-131.62489,150,33.63,27.23,60,FALSE,60,3.54472035841433,3.3403852422654,1,-0.92167452856644,-0.359785890399869,-0.439721584286611,1.24643836796503
"AK_5006_NW",5006,"NW","Alaska",56.67385,-132.77744,242,529.26,216.58,10,FALSE,10,6.27336745229572,5.38256659899294,1,-0.700588951948628,1.31883088168117,0.680413402355067,-1.03869863997086
"AK_5006_SE",5006,"SE","Alaska",56.65803,-132.67407,46,0,405.88,25,FALSE,25,0,6.00851830167381,1,-1.17159735430831,-2.5404369021463,1.02374745533277,-0.353157537590091
