"species","n_detections","n_informative_visits","n_ambiguous_only","naive_occupancy","empty_regions","det_Alaska","det_Kootenay_Region","det_Northern_Region","det_Okanagan_Region","det_South_Coastal_Region","sites_Alaska","sites_Kootenay_Region","sites_Northern_Region","sites_Okanagan_Region","sites_South_Coastal_Region"
"ANPA",80,4288,58,0.125,3,0,43,0,37,0,0,15,0,10,0
"COTO",420,4288,98,0.455,2,0,153,0,110,157,0,30,0,23,38
"EPFU",1660,4288,798,0.81,1,0,430,277,455,498,0,38,45,32,47
"EUMA",166,4288,0,0.105,4,0,0,0,166,0,0,0,0,21,0
"LABO",357,4288,1217,0.49,1,0,86,179,71,21,0,27,36,22,13
"LACI",1396,4288,546,0.745,0,3,374,123,399,497,3,36,30,32,48
"LANO",2712,4288,236,0.935,0,51,534,614,636,877,9,38,55,33,52
"MYCA",1927,4288,448,0.81,0,87,438,246,456,700,13,37,27,32,53
"MYCI",573,4288,125,0.27,2,0,68,0,484,21,0,13,0,30,11
"MYEV",1943,4288,113,0.965,0,127,498,488,378,452,14,39,57,33,50
"MYLU",3222,4288,183,1,0,216,685,878,572,871,15,39,60,33,53
"MYSE",223,4288,108,0.3,2,0,47,173,3,0,0,22,35,3,0
"MYTH",241,4288,130,0.22,1,0,49,1,176,15,0,14,1,21,8
"MYVO",1790,4288,534,0.9,0,33,413,557,312,475,4,39,53,32,52
"MYYU",1248,4288,648,0.63,0,6,242,153,240,607,5,28,15,28,50
"PAHE",14,4288,14,0.045,2,0,10,0,3,1,0,5,0,3,1
"TABR",12,4288,79,0.045,4,0,0,0,0,12,0,0,0,0,9
