Covariate,LACI,LANO,MYCA,MYEV,MYLU,MYVO,MYYU
Initial occupancy,,,,,,,
Elevation,,,"-0.72 (-1.45, -0.05)",,,,"-1.22 (-2.12, -0.39)"
Distance to water,,,"-0.75 (-1.62, -0.07)",,,,
Colonization,,,,,,,
Elevation,,,"-0.59 (-1.00, -0.18)","1.06 (0.46, 1.82)",,,"-0.58 (-0.93, -0.25)"
Distance to road,"-0.54 (-0.91, -0.19)",,,,,,
Persistence,,,,,,,
Elevation,,"-0.72 (-1.12, -0.33)","-0.69 (-1.05, -0.32)",,,"-0.45 (-0.79, -0.08)","-1.70 (-2.25, -1.17)"
Distance to water,,,,,"-0.41 (-0.84, -0.02)","-0.43 (-0.80, -0.09)",
Distance to harvest,,,,,,,"0.74 (0.30, 1.25)"
Detection,,,,,,,
Alaska vs BC,"-2.80 (-4.56, -0.73)","-1.01 (-1.50, -0.54)","-0.67 (-1.10, -0.26)",,,,"-3.72 (-4.78, -2.21)"
Percent clutter,,,"0.25 (0.17, 0.33)","0.12 (0.05, 0.20)","0.13 (0.05, 0.22)","0.15 (0.07, 0.23)","0.12 (0.02, 0.21)"
Nightly temperature,"0.53 (0.44, 0.63)","0.46 (0.37, 0.55)","0.16 (0.07, 0.25)","0.20 (0.13, 0.28)","0.25 (0.15, 0.34)","0.12 (0.04, 0.20)",
Julian night,"0.22 (0.13, 0.32)",,"-0.19 (-0.29, -0.10)",,"0.21 (0.12, 0.31)","0.19 (0.10, 0.28)",
